generation,coverage,new_elites,gen_best_reward,gen_mean_reward,best_ever_reward,best_search_reward,mean_archive_reward,archive_reward_sum
0,16,16,4.700000286102295,0.287109375,4.700000286102295,4.700000286102295,2.5187500584870577,40.30000093579292
1,18,12,7.0,1.701562523841858,7.0,7.0,3.2722222755352655,58.90000095963478
2,21,15,6.800000190734863,-0.296875,7.0,7.0,1.8285714515617915,38.40000048279762
3,22,10,5.900000095367432,-0.5515625476837158,7.0,5.900000095367432,1.7000000124627894,37.400000274181366
4,23,9,4.300000190734863,-1.4375,7.0,5.800000190734863,0.7391304619934248,17.00000062584877
5,23,11,5.5,1.4390625953674316,7.0,5.800000190734863,1.4869565445443857,34.200000524520874
6,23,12,7.599999904632568,2.7453126907348633,7.599999904632568,7.599999904632568,3.5478261061336682,81.60000044107437
7,23,9,4.300000190734863,0.7609374523162842,7.599999904632568,7.5,2.3304348069688547,53.60000056028366
8,23,8,5.800000190734863,0.3296874761581421,7.599999904632568,7.5,2.134782650548479,49.10000096261501
9,23,11,4.200000286102295,0.30000001192092896,7.599999904632568,7.200000286102295,2.173913101139276,50.000001326203346
10,23,9,9.40000057220459,0.15000000596046448,9.40000057220459,9.40000057220459,2.291304415334826,52.700001552700996
11,23,13,5.099999904632568,-2.4390625953674316,9.40000057220459,5.800000190734863,0.5000000068027041,11.500000156462193
12,23,13,4.599999904632568,-0.6375000476837158,9.40000057220459,5.800000190734863,1.1695652325516162,26.900000348687172
13,24,9,10.300000190734863,2.715625047683716,10.300000190734863,10.300000190734863,2.8583333988984427,68.60000157356262
14,24,11,4.700000286102295,-1.162500023841858,10.300000190734863,10.300000190734863,1.5875000131006043,38.1000003144145
15,24,8,8.90000057220459,2.0578126907348633,10.300000190734863,8.90000057220459,2.1166667081415653,50.80000099539757
16,24,10,4.200000286102295,-0.4453125,10.300000190734863,8.90000057220459,1.2916667064030964,31.000000953674316
17,24,13,9.100000381469727,1.4015624523162842,10.300000190734863,9.100000381469727,1.708333360652129,41.00000065565109
18,24,13,4.200000286102295,-1.3546874523162842,10.300000190734863,5.200000286102295,0.6208333385487398,14.900000125169754
19,24,8,6.800000190734863,2.40625,10.300000190734863,6.800000190734863,2.283333351214727,54.80000042915344
20,24,9,10.100000381469727,1.029687523841858,10.300000190734863,10.100000381469727,2.462500028933088,59.10000069439411
21,26,12,4.0,-0.7171875238418579,10.300000190734863,10.100000381469727,1.0153846408312137,26.400000661611557
22,26,13,8.5,2.2218751907348633,10.300000190734863,8.5,1.5615384567242403,40.599999874830246
23,26,12,3.799999952316284,-0.6624999642372131,10.300000190734863,7.700000286102295,0.599999998911069,15.599999971687794
24,26,11,7.5,1.4984376430511475,10.300000190734863,7.5,0.8384615486631026,21.80000026524067
25,26,13,5.300000190734863,-1.3078124523162842,10.300000190734863,7.5,-0.04230769952902427,-1.100000187754631
26,26,10,7.200000286102295,0.22031250596046448,10.300000190734863,7.5,0.5423077064064833,14.100000366568565
27,26,10,5.300000190734863,-1.0562500953674316,10.300000190734863,7.5,0.10769231244921684,2.800000123679638
28,26,9,7.599999904632568,-0.02499999850988388,10.300000190734863,7.599999904632568,0.22307692869351461,5.80000014603138
29,26,10,10.699999809265137,2.8828125,10.699999809265137,10.699999809265137,1.6615384845779493,43.20000059902668
30,26,12,11.300000190734863,4.004687786102295,11.300000190734863,11.300000190734863,2.8846154126983423,75.0000007301569
31,26,11,6.400000095367432,0.40937501192092896,11.300000190734863,10.699999809265137,2.3538461533876567,61.19999998807907
32,26,8,7.0,-1.328125,11.300000190734863,10.699999809265137,1.7076923047693877,44.39999992400408
33,26,9,6.599999904632568,1.295312523841858,11.300000190734863,7.0,1.5423077172957933,40.10000064969063
34,26,10,6.200000286102295,0.6812500357627869,11.300000190734863,7.0,2.3115384865265627,60.10000064969063
35,27,12,17.399999618530273,1.6593750715255737,17.399999618530273,17.399999618530273,3.007407397031784,81.19999971985817
36,27,12,10.300000190734863,1.5999999046325684,17.399999618530273,10.300000190734863,2.255555573436949,60.90000048279762
37,27,13,9.199999809265137,1.4640624523162842,17.399999618530273,9.199999809265137,2.1666666832235126,58.500000447034836
38,27,10,5.200000286102295,-1.7734375,17.399999618530273,9.199999809265137,1.1296296219031017,30.499999791383743
39,27,10,9.40000057220459,3.3812499046325684,17.399999618530273,9.40000057220459,2.2111111757931887,59.70000174641609
40,28,11,6.700000286102295,0.839062511920929,17.399999618530273,9.40000057220459,1.6785714799272162,47.000001437962055
41,29,10,4.800000190734863,-1.0499999523162842,17.399999618530273,9.40000057220459,1.1758621345306266,34.10000190138817
42,29,15,6.700000286102295,0.14687494933605194,17.399999618530273,9.40000057220459,0.8689655589646307,25.20000120997429
43,29,9,5.800000190734863,-0.9234374761581421,17.399999618530273,9.40000057220459,0.5172414173339975,15.000001102685928
44,29,12,7.800000190734863,2.8109374046325684,17.399999618530273,9.40000057220459,1.7896552383899689,51.9000019133091
45,29,9,9.300000190734863,3.5999999046325684,17.399999618530273,9.40000057220459,1.848275907080749,53.60000130534172
46,29,8,5.800000190734863,1.0515625476837158,17.399999618530273,9.40000057220459,1.60000005441493,46.40000157803297
47,29,13,3.4000000953674316,-3.0578126907348633,17.399999618530273,9.40000057220459,-0.05517238763899639,-1.5999992415308952
48,29,8,10.300000190734863,2.75,17.399999618530273,10.300000190734863,1.400000062739027,40.60000181943178
49,29,9,10.699999809265137,5.725000381469727,17.399999618530273,10.300000190734863,3.237931145676251,93.90000322461128
50,30,13,6.800000190734863,-0.9078124761581421,17.399999618530273,9.40000057220459,0.8833333862324556,26.500001586973667
51,30,12,6.599999904632568,0.3687500059604645,17.399999618530273,9.40000057220459,1.0900000512599946,32.700001537799835
52,30,8,6.200000286102295,0.6781250238418579,17.399999618530273,9.40000057220459,1.1666667287548382,35.00000186264515
53,30,8,6.900000095367432,2.9828124046325684,17.399999618530273,9.40000057220459,1.3766667008399964,41.30000102519989
54,30,8,5.400000095367432,0.5562499761581421,17.399999618530273,9.40000057220459,1.0066667159398397,30.20000147819519
55,30,7,5.300000190734863,1.1421875953674316,17.399999618530273,9.40000057220459,1.440000053246816,43.20000159740448
56,30,10,6.900000095367432,0.4078125059604645,17.399999618530273,9.40000057220459,1.0300000508626301,30.900001525878906
57,30,9,5.700000286102295,-0.2640624940395355,17.399999618530273,9.40000057220459,0.9466666969160239,28.400000907480717
58,31,7,6.5,0.675000011920929,17.399999618530273,9.40000057220459,1.1161290669152815,34.60000107437372
59,31,7,8.0,2.2046875953674316,17.399999618530273,9.40000057220459,1.0838710139355352,33.60000143200159
60,31,10,8.40000057220459,3.043750047683716,17.399999618530273,8.40000057220459,1.4967742555083767,46.40000192075968
61,32,8,13.800000190734863,1.7953124046325684,17.399999618530273,13.800000190734863,1.9000000462401658,60.80000147968531
62,32,8,4.800000190734863,0.43906253576278687,17.399999618530273,9.699999809265137,1.1843750206753612,37.90000066161156
63,32,8,9.5,5.004687786102295,17.399999618530273,9.699999809265137,2.3187500324565917,74.20000103861094
64,32,12,8.100000381469727,1.0265624523162842,17.399999618530273,9.699999809265137,1.7718750194180757,56.70000062137842
65,32,12,13.5,3.5890626907348633,17.399999618530273,13.5,2.7187500291038305,87.00000093132257
66,32,12,7.300000190734863,3.1859374046325684,17.399999618530273,9.699999809265137,2.784375037299469,89.10000119358301
67,32,10,4.700000286102295,-0.48124998807907104,17.399999618530273,9.699999809265137,1.8968750312924385,60.70000100135803
68,32,6,4.400000095367432,0.515625,17.399999618530273,9.699999809265137,1.7031250253785402,54.500000812113285
69,32,12,8.199999809265137,3.7046875953674316,17.399999618530273,9.699999809265137,2.978125037625432,95.30000120401382
70,32,9,6.200000286102295,1.5906250476837158,17.399999618530273,9.699999809265137,2.362500049173832,75.60000157356262
71,32,13,6.099999904632568,0.6062499284744263,17.399999618530273,7.700000286102295,1.4343750053085387,45.90000016987324
72,32,14,11.90000057220459,3.339062452316284,17.399999618530273,11.90000057220459,2.9156250320374966,93.30000102519989
73,32,12,8.90000057220459,1.084375023841858,17.399999618530273,11.90000057220459,2.4343750551342964,77.90000176429749
74,32,9,5.400000095367432,0.785937488079071,17.399999618530273,11.90000057220459,2.0656250305473804,66.10000097751617
75,32,9,9.0,3.3187499046325684,17.399999618530273,11.90000057220459,2.815625037997961,90.10000121593475
76,32,10,7.400000095367432,0.15781249105930328,17.399999618530273,11.5,1.9218750167638063,61.5000005364418
77,32,6,6.200000286102295,0.30781257152557373,17.399999618530273,11.5,1.796875026077032,57.50000083446503
78,32,11,8.90000057220459,3.0250000953674316,17.399999618530273,8.90000057220459,2.4718750528991222,79.10000169277191
79,32,8,9.100000381469727,3.200000047683716,17.399999618530273,9.100000381469727,2.834375087171793,90.70000278949738
80,32,10,6.800000190734863,1.9515626430511475,17.399999618530273,9.100000381469727,2.084375043399632,66.70000138878822
81,32,12,7.5,2.3125,17.399999618530273,9.100000381469727,2.5250000413507223,80.80000132322311
82,32,9,6.099999904632568,-0.06562498956918716,17.399999618530273,9.100000381469727,1.67500003403984,53.60000108927488
83,32,7,4.900000095367432,-0.09843751788139343,17.399999618530273,9.100000381469727,1.6562500342261046,53.00000109523535
84,32,9,7.0,-0.9140625,17.399999618530273,7.400000095367432,1.3187500245403498,42.200000785291195
85,32,8,4.400000095367432,0.3343749940395355,17.399999618530273,7.400000095367432,1.2906250159721822,41.30000051110983
86,32,6,5.200000286102295,0.36249998211860657,17.399999618530273,7.400000095367432,1.2218750182073563,39.1000005826354
87,32,8,6.5,1.032812476158142,17.399999618530273,7.400000095367432,1.4968750216066837,47.90000069141388
88,32,12,6.800000190734863,2.5968751907348633,17.399999618530273,7.400000095367432,2.2031250707805157,70.5000022649765
89,32,6,7.700000286102295,1.2765624523162842,17.399999618530273,7.700000286102295,1.9281250522471964,61.700001671910286
90,32,7,7.800000190734863,1.8234374523162842,17.399999618530273,7.800000190734863,2.0843750536441803,66.70000171661377
91,32,10,10.600000381469727,3.9703125953674316,17.399999618530273,10.600000381469727,3.356250077486038,107.40000247955322
92,32,10,4.700000286102295,0.34843751788139343,17.399999618530273,8.5,2.3906250328291208,76.50000105053186
93,32,9,5.400000095367432,0.2265625,17.399999618530273,7.400000095367432,1.8218750462401658,58.30000147968531
94,32,8,8.100000381469727,2.512500047683716,17.399999618530273,8.100000381469727,2.5937500402797014,83.00000128895044
95,32,9,6.0,1.4296875,17.399999618530273,8.0,2.121875027194619,67.90000087022781
96,32,8,6.099999904632568,1.8656249046325684,17.399999618530273,8.0,1.9593750145286322,62.70000046491623
97,32,7,4.700000286102295,0.559374988079071,17.399999618530273,8.0,1.596875024959445,51.10000079870224
98,32,9,7.5,2.590625286102295,17.399999618530273,7.400000095367432,1.812500050291419,58.00000160932541
99,32,13,10.40000057220459,2.448437452316284,17.399999618530273,10.40000057220459,2.7468750465195626,87.900001488626
100,32,13,5.800000190734863,-0.3359375,17.399999618530273,10.40000057220459,1.6906250424217433,54.100001357495785
101,32,13,13.100000381469727,2.293750047683716,17.399999618530273,13.100000381469727,2.093750022351742,67.00000071525574
102,32,9,7.400000095367432,-0.004687473177909851,17.399999618530273,13.100000381469727,2.059375033946708,65.90000108629465
103,32,14,6.300000190734863,-1.1953125,17.399999618530273,7.400000095367432,0.7031250125728548,22.500000402331352
104,32,11,6.099999904632568,1.662500023841858,17.399999618530273,7.400000095367432,1.634375014109537,52.300000451505184
105,32,9,6.700000286102295,0.9828125238418579,17.399999618530273,7.400000095367432,1.6656250215601176,53.30000068992376
106,32,9,8.100000381469727,0.9234374761581421,17.399999618530273,8.100000381469727,1.6031250364612788,51.30000116676092
107,32,13,5.200000286102295,-0.6593750715255737,17.399999618530273,7.400000095367432,1.0000000230502337,32.00000073760748
108,32,11,5.200000286102295,-0.11562499403953552,17.399999618530273,6.599999904632568,1.3125000526197255,42.000001683831215
109,32,9,8.100000381469727,1.1656250953674316,17.399999618530273,8.100000381469727,1.8531250588130206,59.30000188201666
110,32,5,6.800000190734863,0.7781250476837158,17.399999618530273,6.800000190734863,1.737500064773485,55.60000207275152
111,32,11,6.700000286102295,0.7265625596046448,17.399999618530273,6.800000190734863,2.1218750590924174,67.90000189095736
112,32,9,8.100000381469727,2.5734376907348633,17.399999618530273,8.100000381469727,2.4125000706408173,77.20000226050615
113,32,8,6.5,1.9968749284744263,17.399999618530273,8.100000381469727,2.6843750497791916,85.90000159293413
114,32,11,8.300000190734863,3.8312501907348633,17.399999618530273,8.300000190734863,3.4500000833068043,110.40000266581774
115,32,12,4.200000286102295,-0.9812500476837158,17.399999618530273,8.300000190734863,1.5718750583473593,50.3000018671155
116,32,14,5.0,-0.984375,17.399999618530273,6.800000190734863,0.9468750341329724,30.300001092255116
117,32,10,5.800000190734863,1.0562500953674316,17.399999618530273,6.800000190734863,1.6937500508502126,54.2000016272068
118,32,13,4.5,-0.5374999046325684,17.399999618530273,6.800000190734863,1.2437500248197466,39.80000079423189
119,32,11,6.800000190734863,2.7671875953674316,17.399999618530273,6.800000190734863,2.421875043772161,77.50000140070915
120,32,10,5.599999904632568,-0.1640624701976776,17.399999618530273,6.800000190734863,1.8312500468455255,58.600001499056816
121,32,10,6.900000095367432,0.2421874850988388,17.399999618530273,6.900000095367432,1.5437500590924174,49.400001890957355
122,32,9,8.699999809265137,3.3843750953674316,17.399999618530273,8.699999809265137,2.5156250493600965,80.50000157952309
123,32,6,7.5,0.4156249761581421,17.399999618530273,8.199999809265137,2.0156250493600965,64.50000157952309
124,32,9,6.300000190734863,-0.75,17.399999618530273,8.199999809265137,1.5031250377651304,48.10000120848417
125,32,12,7.599999904632568,2.2140626907348633,17.399999618530273,8.199999809265137,2.2281250504311174,71.30000161379576
126,32,10,4.5,-0.6890624761581421,17.399999618530273,8.199999809265137,1.5718750152736902,50.30000048875809
127,32,11,10.699999809265137,2.643749952316284,17.399999618530273,10.699999809265137,2.2062500044703484,70.60000014305115
128,32,12,6.200000286102295,0.4921875298023224,17.399999618530273,8.199999809265137,1.9343750046100467,61.900000147521496
129,32,11,7.200000286102295,1.5609376430511475,17.399999618530273,8.199999809265137,2.5281250381376594,80.9000012204051
130,32,11,5.599999904632568,1.1500000953674316,17.399999618530273,8.199999809265137,2.296875022118911,73.50000070780516
131,32,9,6.200000286102295,0.6015625,17.399999618530273,8.199999809265137,2.262500029988587,72.40000095963478
132,32,12,5.700000286102295,0.1953124701976776,17.399999618530273,8.199999809265137,1.9531250204890966,62.50000065565109
133,32,13,7.800000190734863,1.8078124523162842,17.399999618530273,8.199999809265137,2.396875014761463,76.70000047236681
134,32,12,3.4000000953674316,-1.1765625476837158,17.399999618530273,8.199999809265137,1.1906250235624611,38.100000753998756
135,32,12,7.0,1.5078125,17.399999618530273,8.199999809265137,2.0343750272877514,65.10000087320805
136,32,14,8.40000057220459,4.207812309265137,17.399999618530273,8.40000057220459,3.3750000798609108,108.00000255554914
137,32,10,5.700000286102295,1.7468750476837158,17.399999618530273,8.40000057220459,2.8031250776257366,89.70000248402357
138,32,9,6.0,1.774999976158142,17.399999618530273,8.40000057220459,2.606250056764111,83.40000181645155
139,32,7,9.100000381469727,3.323437452316284,17.399999618530273,9.100000381469727,2.9781250671949238,95.30000215023756
140,32,9,16.100000381469727,4.0546875,17.399999618530273,16.100000381469727,3.468750083586201,111.00000267475843
141,32,8,5.200000286102295,-2.1156249046325684,17.399999618530273,8.5,1.8843750634696335,60.30000203102827
142,32,12,4.200000286102295,-1.5687499046325684,17.399999618530273,8.40000057220459,1.0531250659842044,33.70000211149454
143,32,10,8.300000190734863,4.081250190734863,17.399999618530273,8.40000057220459,2.5843750711064786,82.70000227540731
144,32,12,6.700000286102295,-0.025000005960464478,17.399999618530273,8.40000057220459,1.8625000666361302,59.60000213235617
145,32,13,9.0,1.639062523841858,17.399999618530273,9.0,2.028125066542998,64.90000212937593
146,32,9,5.800000190734863,2.0734376907348633,17.399999618530273,9.0,2.221875056857243,71.10000181943178
147,32,8,7.599999904632568,1.5421874523162842,17.399999618530273,8.40000057220459,2.271875050617382,72.70000161975622
148,32,8,9.199999809265137,2.7218751907348633,17.399999618530273,9.199999809265137,2.3906250128056854,76.50000040978193
149,32,9,8.0,2.953125,17.399999618530273,9.199999809265137,2.6312500438652933,84.20000140368938
150,32,8,3.5,-0.28125,17.399999618530273,9.199999809265137,2.00000003981404,64.00000127404928
151,32,10,9.5,5.1484375,17.399999618530273,9.5,3.4375000603031367,110.00000192970037
152,32,11,12.199999809265137,2.8359375,17.399999618530273,12.199999809265137,3.5312500677537173,113.00000216811895
153,32,10,11.0,3.585937738418579,17.399999618530273,11.0,4.343750086380169,139.0000027641654
154,32,9,10.90000057220459,5.5390625,17.399999618530273,10.90000057220459,4.665625077439472,149.3000024780631
155,32,10,6.900000095367432,0.47343751788139343,17.399999618530273,10.90000057220459,3.1156250901985914,99.70000288635492
156,32,9,5.300000190734863,0.6859375238418579,17.399999618530273,10.90000057220459,3.000000083586201,96.00000267475843
157,32,10,4.5,-1.9140625,17.399999618530273,10.90000057220459,1.9968750688713044,63.90000220388174
158,32,10,5.300000190734863,0.885937511920929,17.399999618530273,10.90000057220459,2.603125070920214,83.30000226944685
159,32,11,4.599999904632568,0.6953124403953552,17.399999618530273,10.90000057220459,2.4781250616069883,79.30000197142363
160,32,12,6.099999904632568,1.828125,17.399999618530273,10.90000057220459,2.5468750402797014,81.50000128895044
161,32,10,9.90000057220459,5.849999904632568,17.399999618530273,10.90000057220459,3.918750084238127,125.40000269562006
162,32,6,7.700000286102295,2.6624999046325684,17.399999618530273,10.90000057220459,3.403125061886385,108.90000198036432
163,32,10,5.599999904632568,-0.5484374761581421,17.399999618530273,10.90000057220459,2.4593750399071723,78.70000127702951
164,32,9,11.40000057220459,5.271875381469727,17.399999618530273,11.40000057220459,3.6343750387895852,116.30000124126673
165,32,10,7.200000286102295,1.985937476158142,17.399999618530273,9.699999809265137,3.1468750194180757,100.70000062137842
166,32,9,7.300000190734863,3.1546876430511475,17.399999618530273,9.5,3.287500060396269,105.2000019326806
167,32,10,6.300000190734863,2.120312452316284,17.399999618530273,9.5,3.112500059651211,99.60000190883875
168,32,10,10.199999809265137,4.140625,17.399999618530273,10.199999809265137,3.7312500656116754,119.40000209957361
169,32,11,11.5,4.217187881469727,17.399999618530273,11.5,4.053125059697777,129.70000191032887
170,32,10,5.700000286102295,0.9625000357627869,17.399999618530273,9.5,3.159375045914203,101.1000014692545
171,32,10,8.800000190734863,3.871875047683716,17.399999618530273,9.5,3.550000060815364,113.60000194609165
172,32,10,13.199999809265137,4.529687881469727,17.399999618530273,13.199999809265137,4.11875006230548,131.80000199377537
173,32,10,6.0,0.4390625059604645,17.399999618530273,9.5,3.2687500768806785,104.60000246018171
174,32,14,4.0,-0.7640625238418579,17.399999618530273,9.5,1.690625038696453,54.100001238286495
175,32,11,6.900000095367432,-1.3687500953674316,17.399999618530273,9.5,1.2125000280793756,38.80000089854002
176,32,10,7.900000095367432,0.7234375476837158,17.399999618530273,9.5,1.700000039068982,54.400001250207424
177,32,9,5.599999904632568,1.6328125,17.399999618530273,9.5,1.840625026030466,58.90000083297491
178,32,8,7.099999904632568,2.285937547683716,17.399999618530273,9.5,2.462500036461279,78.80000116676092
179,32,9,6.800000190734863,3.4312500953674316,17.399999618530273,9.5,2.750000049127266,88.0000015720725
180,32,10,7.300000190734863,2.489062547683716,17.399999618530273,9.5,2.6843750532716513,85.90000170469284
181,32,10,5.900000095367432,0.3218750059604645,17.399999618530273,7.300000190734863,1.8718750565312803,59.90000180900097
182,32,13,7.599999904632568,2.1859374046325684,17.399999618530273,7.599999904632568,2.153125052107498,68.90000166743994
183,32,8,5.0,1.6046874523162842,17.399999618530273,7.599999904632568,2.087500040186569,66.80000128597021
184,32,9,4.400000095367432,0.421875,17.399999618530273,7.599999904632568,1.8500000450294465,59.20000144094229
185,32,13,8.600000381469727,3.6624999046325684,17.399999618530273,8.600000381469727,2.653125040931627,84.90000130981207
186,32,12,5.800000190734863,1.6765625476837158,17.399999618530273,8.600000381469727,2.315625069430098,74.10000222176313
187,32,10,6.099999904632568,2.239062547683716,17.399999618530273,7.599999904632568,2.271875041304156,72.700001321733
188,32,12,5.599999904632568,-1.314062476158142,17.399999618530273,7.599999904632568,1.346875032177195,43.10000102967024
189,32,8,6.900000095367432,1.9374998807907104,17.399999618530273,7.599999904632568,1.5937500230502337,51.00000073760748
190,32,8,10.300000190734863,3.5796875953674316,17.399999618530273,10.300000190734863,2.7250000496860594,87.2000015899539
191,32,11,5.5,1.3437501192092896,17.399999618530273,10.300000190734863,2.309375056764111,73.90000181645155
192,32,8,9.0,3.4718751907348633,17.399999618530273,9.0,2.650000057881698,84.80000185221434
193,32,11,6.400000095367432,-0.2734375,17.399999618530273,9.0,1.7468750248663127,55.90000079572201
194,32,8,4.800000190734863,0.46875,17.399999618530273,7.599999904632568,1.6343750222586095,52.300000712275505
195,32,12,7.200000286102295,3.0328125953674316,17.399999618530273,7.599999904632568,2.631250044098124,84.20000141113997
196,32,8,6.800000190734863,0.940625011920929,17.399999618530273,7.599999904632568,2.0500000424217433,65.60000135749578
197,32,11,5.400000095367432,0.4984375238418579,17.399999618530273,7.599999904632568,1.6437500421889126,52.600001350045204
198,32,10,9.100000381469727,1.8906251192092896,17.399999618530273,9.100000381469727,2.1156250534113497,67.70000170916319
199,32,10,9.199999809265137,3.996875047683716,17.399999618530273,9.199999809265137,2.875000042608008,92.00000136345625
200,32,12,3.6000001430511475,-0.26093751192092896,17.399999618530273,9.199999809265137,1.8062500294763595,57.800000943243504
201,32,9,10.0,3.3500001430511475,17.399999618530273,10.0,2.381250029662624,76.20000094920397
202,32,10,8.699999809265137,3.442187547683716,17.399999618530273,10.0,3.1781250543426722,101.70000173896551
203,32,13,6.900000095367432,1.2453124523162842,17.399999618530273,7.400000095367432,1.928125019883737,61.70000063627958
204,32,9,10.300000190734863,4.089062690734863,17.399999618530273,10.300000190734863,2.850000039441511,91.20000126212835
205,32,10,5.400000095367432,0.25937503576278687,17.399999618530273,7.5,2.593750050989911,83.00000163167715
206,32,8,11.0,5.823437690734863,17.399999618530273,11.0,3.3125000435393304,106.00000139325857
207,32,9,5.200000286102295,0.6296875476837158,17.399999618530273,11.0,2.5750000465195626,82.400001488626
208,32,12,8.699999809265137,2.796875,17.399999618530273,11.0,3.115625039441511,99.70000126212835
209,32,11,6.700000286102295,0.7765624523162842,17.399999618530273,11.0,2.5375000357162207,81.20000114291906
210,32,10,6.200000286102295,1.287500023841858,17.399999618530273,11.0,2.6156250562053174,83.70000179857016
211,32,11,8.800000190734863,3.332812786102295,17.399999618530273,8.90000057220459,2.6406250630971044,84.50000201910734
212,32,10,11.300000190734863,5.714062690734863,17.399999618530273,11.300000190734863,3.7812500637955964,121.00000204145908
213,32,7,6.200000286102295,0.16562503576278687,17.399999618530273,11.300000190734863,2.9531250740401447,94.50000236928463
214,32,11,11.699999809265137,6.451562881469727,17.399999618530273,11.699999809265137,4.2968750963918865,137.50000308454037
215,32,9,9.800000190734863,4.942187309265137,17.399999618530273,11.699999809265137,4.228125066962093,135.30000214278698
216,33,9,10.199999809265137,1.829687476158142,17.399999618530273,11.300000190734863,3.8151515650026724,125.9000016450882
217,33,7,12.90000057220459,6.051562786102295,17.399999618530273,12.90000057220459,4.445454644434379,146.70000326633453
218,33,10,9.40000057220459,1.8375000953674316,17.399999618530273,12.90000057220459,3.7272728351932582,123.00000356137753
219,33,8,9.100000381469727,2.674999713897705,17.399999618530273,12.90000057220459,3.424242510488539,113.00000284612179
220,33,11,9.199999809265137,2.6265625953674316,17.399999618530273,12.90000057220459,3.357575843505787,110.80000283569098
221,33,10,10.90000057220459,3.492187738418579,17.399999618530273,12.90000057220459,3.6060606988542006,119.00000306218863
222,33,7,10.0,2.7687501907348633,17.399999618530273,12.90000057220459,3.536363703509172,116.70000221580267
223,33,8,9.600000381469727,3.237499713897705,17.399999618530273,12.90000057220459,3.236363706037854,106.80000229924917
224,33,10,7.400000095367432,0.8109375238418579,17.399999618530273,12.90000057220459,2.672727338066607,88.20000215619802
225,33,8,11.199999809265137,2.910937547683716,17.399999618530273,11.300000190734863,2.6333333784432122,86.900001488626
226,33,9,7.5,2.6578123569488525,17.399999618530273,11.300000190734863,2.9363636814735155,96.900001488626
227,33,5,8.600000381469727,2.3140625953674316,17.399999618530273,11.300000190734863,3.0484849076830978,100.60000195354223
228,33,5,10.800000190734863,2.387500047683716,17.399999618530273,11.300000190734863,2.98787885068944,98.60000207275152
229,33,11,9.199999809265137,1.9140625,17.399999618530273,11.300000190734863,2.8909091287941644,95.40000125020742
230,33,7,8.800000190734863,3.3968749046325684,17.399999618530273,11.300000190734863,2.9818182102206983,98.40000093728304
231,33,9,9.199999809265137,3.7593750953674316,17.399999618530273,11.199999809265137,3.054545453777819,100.79999997466803
232,33,10,13.90000057220459,6.8046875,17.399999618530273,13.90000057220459,3.906060667426297,128.9000020250678
233,33,7,9.199999809265137,1.5999999046325684,17.399999618530273,12.5,2.8818182012800015,95.10000064224005
234,33,9,9.300000190734863,2.7328124046325684,17.399999618530273,11.800000190734863,2.533333344893022,83.60000038146973
235,33,10,6.800000190734863,0.667187511920929,17.399999618530273,9.199999809265137,1.887878786433827,62.299999952316284
236,33,11,9.100000381469727,2.7578125,17.399999618530273,9.199999809265137,2.1878788164167693,72.20000094175339
237,33,9,8.800000190734863,3.6671876907348633,17.399999618530273,9.199999809265137,2.5545454856121177,84.30000102519989
238,33,8,12.699999809265137,7.762500286102295,17.399999618530273,12.699999809265137,3.8242424473618017,126.20000076293945
239,33,11,9.300000190734863,1.935937523841858,17.399999618530273,12.699999809265137,2.5212121307849884,83.20000031590462
240,33,9,10.600000381469727,4.574999809265137,17.399999618530273,12.699999809265137,3.1000000563534824,102.30000185966492
241,33,5,11.5,5.690625190734863,17.399999618530273,11.5,3.1606060952851265,104.30000114440918
242,33,9,10.5,5.628125190734863,17.399999618530273,11.5,3.387878818945451,111.80000102519989
243,33,8,11.40000057220459,5.38437557220459,17.399999618530273,11.40000057220459,3.3121212684746943,109.30000185966492
244,33,10,9.699999809265137,2.1312499046325684,17.399999618530273,9.699999809265137,2.8939394323211727,95.5000012665987
245,33,7,12.600000381469727,6.490624904632568,17.399999618530273,12.600000381469727,3.6242424567992035,119.60000107437372
246,33,9,13.40000057220459,6.831250190734863,17.399999618530273,13.40000057220459,4.275757637213577,141.10000202804804
247,33,7,10.90000057220459,6.8671875,17.399999618530273,13.40000057220459,4.5666667627114235,150.700003169477
248,33,7,10.800000190734863,3.9000000953674316,17.399999618530273,13.40000057220459,4.045454609348918,133.5000021085143
249,33,3,9.800000190734863,4.4765625,17.399999618530273,13.40000057220459,4.072727344930172,134.40000238269567
250,33,13,8.300000190734863,1.3828125,17.399999618530273,13.40000057220459,2.675757623757377,88.30000158399343
251,33,11,15.600000381469727,8.2421875,17.399999618530273,15.600000381469727,4.639393987754981,153.10000159591436
252,33,8,9.40000057220459,2.1265625953674316,17.399999618530273,15.199999809265137,3.7636364018826773,124.20000126212835
253,33,9,10.800000190734863,3.950000047683716,17.399999618530273,13.40000057220459,3.5666667121377857,117.70000150054693
254,33,11,10.100000381469727,4.548437118530273,17.399999618530273,13.40000057220459,3.7060606703162193,122.30000212043524
255,33,8,10.90000057220459,3.9468750953674316,17.399999618530273,10.90000057220459,3.2636364217508924,107.70000191777945
256,33,10,10.90000057220459,5.271874904632568,17.399999618530273,10.90000057220459,3.409090953117067,112.50000145286322
257,33,10,8.199999809265137,2.7609376907348633,17.399999618530273,10.800000190734863,2.769696985907627,91.40000053495169
258,33,7,12.800000190734863,6.650000095367432,17.399999618530273,12.800000190734863,3.7424243182846992,123.50000250339508
259,33,8,8.300000190734863,1.2109375,17.399999618530273,12.800000190734863,2.9303030811927537,96.70000167936087
260,33,9,5.0,-0.5468749403953552,17.399999618530273,12.800000190734863,2.266666711054065,74.80000146478415
261,33,7,10.0,3.3515625,17.399999618530273,10.800000190734863,2.3363636752421204,77.10000128298998
262,33,7,11.300000190734863,5.078125,17.399999618530273,11.100000381469727,3.2030303620479326,105.70000194758177
263,33,11,10.800000190734863,3.325000286102295,17.399999618530273,10.800000190734863,3.4696970579750612,114.50000291317701
264,33,11,7.599999904632568,2.0187501907348633,17.399999618530273,10.800000190734863,2.8272727888190383,93.30000203102827
265,33,9,6.900000095367432,0.8828125,17.399999618530273,10.800000190734863,2.248484895762169,74.20000156015158
266,33,7,9.600000381469727,3.6031250953674316,17.399999618530273,10.800000190734863,3.0333334123997977,100.10000260919333
267,33,7,11.90000057220459,3.5093750953674316,17.399999618530273,11.90000057220459,3.169697023476615,104.6000017747283
268,33,10,13.100000381469727,4.635937690734863,17.399999618530273,13.100000381469727,3.7121212760155853,122.50000210851431
269,33,8,8.90000057220459,3.260937452316284,17.399999618530273,13.100000381469727,3.0848485432339436,101.80000192672014
270,33,10,10.300000190734863,4.265625,17.399999618530273,13.100000381469727,3.3606061048128386,110.90000145882368
271,33,11,7.400000095367432,2.989062547683716,17.399999618530273,13.100000381469727,3.012121265358997,99.4000017568469
272,33,10,7.5,2.887500047683716,17.399999618530273,13.100000381469727,2.9939394518733025,98.80000191181898
273,33,8,10.5,4.228124618530273,17.399999618530273,13.100000381469727,3.1484849035288347,103.90000181645155
274,33,8,12.40000057220459,5.8359375,17.399999618530273,13.100000381469727,3.942424349486828,130.10000353306532
275,33,8,7.700000286102295,2.582812547683716,17.399999618530273,13.100000381469727,3.275757657533342,108.10000269860029
276,33,8,9.90000057220459,3.4484376907348633,17.399999618530273,13.100000381469727,3.4878788755247085,115.10000289231539
277,33,9,8.600000381469727,2.5078125,17.399999618530273,13.100000381469727,3.127272816544229,103.20000294595957
278,33,9,10.300000190734863,0.7640625238418579,17.399999618530273,10.300000190734863,2.5090909586711363,82.8000016361475
279,33,3,9.100000381469727,2.3687500953674316,17.399999618530273,10.300000190734863,2.536363671449098,83.70000115782022
280,33,9,10.0,2.3203125,17.399999618530273,10.300000190734863,2.575757590658737,85.00000049173832
281,33,11,11.300000190734863,4.168749809265137,17.399999618530273,11.300000190734863,3.1242424373825393,103.10000043362379
282,33,6,8.699999809265137,4.315625190734863,17.399999618530273,10.300000190734863,3.296969722391981,108.80000083893538
283,33,10,11.199999809265137,3.796875,17.399999618530273,11.199999809265137,3.612121263914036,119.20000170916319
284,33,7,8.800000190734863,2.010937452316284,17.399999618530273,10.300000190734863,3.1545455309026167,104.10000251978636
285,33,10,12.0,4.506250381469727,17.399999618530273,12.0,3.321212168670062,109.60000156611204
286,33,9,11.699999809265137,4.8671875,17.399999618530273,12.0,3.633333359478098,119.90000086277723
287,33,8,8.300000190734863,1.764062523841858,17.399999618530273,12.0,2.8606060975880334,94.4000012204051
288,33,11,8.0,2.3937501907348633,17.399999618530273,12.0,2.348484877158295,77.50000094622374
289,33,10,9.300000190734863,2.3765625953674316,17.399999618530273,12.0,2.3909091351158693,78.90000145882368
290,33,11,11.40000057220459,4.28125,17.399999618530273,12.0,2.751515204030456,90.80000173300505
291,33,10,11.100000381469727,3.2125000953674316,17.399999618530273,12.0,2.860606126487255,94.40000217407942
292,33,10,11.0,2.734375,17.399999618530273,11.0,2.645454569973729,87.30000080913305
293,34,11,10.90000057220459,3.2171874046325684,17.399999618530273,10.90000057220459,2.4970588677507988,84.90000150352716
294,34,8,12.90000057220459,6.053125381469727,17.399999618530273,12.90000057220459,3.1588235898491215,107.40000205487013
295,35,7,12.40000057220459,4.067187309265137,17.399999618530273,12.90000057220459,3.411428626733167,119.40000193566084
296,35,12,9.5,1.907812476158142,17.399999618530273,12.90000057220459,2.6200000283973557,91.70000099390745
297,35,8,12.100000381469727,4.1484375,17.399999618530273,12.90000057220459,3.46285721297775,121.20000245422125
298,35,11,10.40000057220459,5.543749809265137,17.399999618530273,12.90000057220459,3.8800001133765494,135.80000396817923
299,35,12,11.5,5.215624809265137,17.399999618530273,11.5,3.668571485579014,128.40000199526548
300,35,6,11.90000057220459,5.21875,17.399999618530273,11.90000057220459,3.9657143339514733,138.80000168830156
