generation,best_reward,mean_reward,reward_std,best_ever_reward
1,6.800000190734863,2.6437501907348633,1.488484501838684,6.800000190734863
2,3.799999952316284,-1.8140625953674316,2.1993513107299805,6.800000190734863
3,3.700000047683716,-0.20312504470348358,2.180020809173584,6.800000190734863
4,1.3000000715255737,-2.707812547683716,1.586299180984497,6.800000190734863
5,8.800000190734863,2.1234376430511475,1.915866494178772,8.800000190734863
6,5.0,0.1953124701976776,1.6125900745391846,8.800000190734863
7,4.700000286102295,1.265625,1.6147966384887695,8.800000190734863
8,5.300000190734863,0.004687495529651642,1.6657795906066895,8.800000190734863
9,4.900000095367432,1.34375,1.8626153469085693,8.800000190734863
10,5.900000095367432,2.109375,1.730762004852295,8.800000190734863
11,4.5,1.5109374523162842,1.7475087642669678,8.800000190734863
12,4.800000190734863,0.390625,1.832239031791687,8.800000190734863
13,3.9000000953674316,0.8531250357627869,1.628262996673584,8.800000190734863
14,2.4000000953674316,-0.6187499761581421,1.4389530420303345,8.800000190734863
15,7.200000286102295,2.003124952316284,1.641547441482544,8.800000190734863
16,3.9000000953674316,0.4687500596046448,1.6749883890151978,8.800000190734863
17,1.7000000476837158,-0.9312500357627869,1.4069998264312744,8.800000190734863
18,3.799999952316284,0.19218748807907104,1.5664753913879395,8.800000190734863
19,3.1000001430511475,-0.10937502980232239,1.8307886123657227,8.800000190734863
20,5.0,-0.8984375,2.071721076965332,8.800000190734863
21,4.900000095367432,1.078125,1.6216763257980347,8.800000190734863
22,3.9000000953674316,0.7093750238418579,1.770391821861267,8.800000190734863
23,7.5,2.3296875953674316,2.0414209365844727,8.800000190734863
24,3.9000000953674316,0.4140625,1.6551876068115234,8.800000190734863
25,4.599999904632568,1.287500023841858,1.75548255443573,8.800000190734863
26,5.900000095367432,1.3953125476837158,1.5613925457000732,8.800000190734863
27,7.300000190734863,0.12031249701976776,1.9339224100112915,8.800000190734863
28,0.0,-2.8781251907348633,1.807922601699829,8.800000190734863
29,4.099999904632568,-1.3562500476837158,1.831570029258728,8.800000190734863
30,3.4000000953674316,-0.6500000357627869,1.8110771179199219,8.800000190734863
31,5.900000095367432,0.9578125476837158,1.8813894987106323,8.800000190734863
32,3.6000001430511475,0.1937500387430191,1.409329891204834,8.800000190734863
33,3.0,-1.064062476158142,2.2595884799957275,8.800000190734863
34,3.6000001430511475,-0.042187489569187164,1.4861658811569214,8.800000190734863
35,2.6000001430511475,-1.3046875,1.8998708724975586,8.800000190734863
36,1.600000023841858,-1.2109375,1.4572144746780396,8.800000190734863
37,4.700000286102295,0.13437500596046448,1.7301751375198364,8.800000190734863
38,6.200000286102295,0.6437500715255737,2.1796555519104004,8.800000190734863
39,4.400000095367432,0.09843753278255463,1.998866319656372,8.800000190734863
40,5.599999904632568,1.8499999046325684,1.6728531122207642,8.800000190734863
41,4.800000190734863,1.0968749523162842,1.5500977039337158,8.800000190734863
42,6.200000286102295,1.890625,1.4005266427993774,8.800000190734863
43,2.4000000953674316,-1.295312523841858,1.857033133506775,8.800000190734863
44,3.5,-1.1984374523162842,1.5653966665267944,8.800000190734863
45,5.099999904632568,-0.16249999403953552,1.8816964626312256,8.800000190734863
46,5.5,0.5750000476837158,1.7201017141342163,8.800000190734863
47,5.0,0.6671875715255737,1.8252614736557007,8.800000190734863
48,2.5,-1.265625,1.7518043518066406,8.800000190734863
49,7.099999904632568,2.3890624046325684,1.808237910270691,8.800000190734863
50,4.300000190734863,-0.05937497317790985,1.515206217765808,8.800000190734863
51,3.5,-0.03281249478459358,1.7251861095428467,8.800000190734863
52,4.300000190734863,0.5625,1.466234564781189,8.800000190734863
53,2.200000047683716,-2.2718751430511475,2.25862717628479,8.800000190734863
54,6.0,0.8875000476837158,1.6692532300949097,8.800000190734863
55,4.400000095367432,-1.123437523841858,2.0937960147857666,8.800000190734863
56,4.599999904632568,0.20000000298023224,1.9997656345367432,8.800000190734863
57,4.5,0.2953124940395355,1.7039870023727417,8.800000190734863
58,4.099999904632568,0.03281248360872269,1.656337857246399,8.800000190734863
59,3.5,-0.682812511920929,1.3736988306045532,8.800000190734863
60,4.400000095367432,0.8406250476837158,1.3254384994506836,8.800000190734863
61,5.800000190734863,0.3109375238418579,1.8666578531265259,8.800000190734863
62,5.099999904632568,0.6328125,1.9503248929977417,8.800000190734863
63,2.4000000953674316,-1.560937523841858,1.872967004776001,8.800000190734863
64,5.5,0.9265625476837158,1.553146243095398,8.800000190734863
65,4.599999904632568,1.1843750476837158,1.5505260229110718,8.800000190734863
66,4.599999904632568,0.8046875,1.4085043668746948,8.800000190734863
67,6.900000095367432,0.9468750357627869,1.867398738861084,8.800000190734863
68,6.200000286102295,1.9656251668930054,1.9123135805130005,8.800000190734863
69,5.400000095367432,0.9031250476837158,1.8103840351104736,8.800000190734863
70,4.400000095367432,-0.08437500894069672,1.7947161197662354,8.800000190734863
71,4.400000095367432,0.7828125357627869,1.9008677005767822,8.800000190734863
72,3.299999952316284,0.5218750238418579,1.6041419506072998,8.800000190734863
73,5.700000286102295,1.365625023841858,1.6772576570510864,8.800000190734863
74,6.599999904632568,1.0281250476837158,1.9460270404815674,8.800000190734863
75,2.6000001430511475,-0.17812499403953552,1.5430762767791748,8.800000190734863
76,8.199999809265137,1.467187523841858,1.9210231304168701,8.800000190734863
77,5.599999904632568,1.2531249523162842,1.774997353553772,8.800000190734863
78,8.600000381469727,3.7046875953674316,2.1397597789764404,8.800000190734863
79,8.800000190734863,2.9875001907348633,1.8879966735839844,8.800000190734863
80,8.699999809265137,2.9593749046325684,2.0577383041381836,8.800000190734863
81,7.400000095367432,2.1390626430511475,1.9830231666564941,8.800000190734863
82,4.300000190734863,0.19218751788139343,2.025409460067749,8.800000190734863
83,6.800000190734863,2.253124952316284,1.9441393613815308,8.800000190734863
84,10.199999809265137,4.678124904632568,1.997769832611084,10.199999809265137
85,10.0,2.7484374046325684,2.3260746002197266,10.199999809265137
86,10.90000057220459,4.767187595367432,1.9815598726272583,10.90000057220459
87,7.200000286102295,3.1359376907348633,1.8370635509490967,10.90000057220459
88,8.199999809265137,3.5999999046325684,1.8195122480392456,10.90000057220459
89,7.400000095367432,2.9250001907348633,1.7682088613510132,10.90000057220459
90,5.700000286102295,0.7109375,2.240264892578125,10.90000057220459
91,10.5,2.9984376430511475,2.349766731262207,10.90000057220459
92,8.199999809265137,2.567187786102295,2.537226438522339,10.90000057220459
93,9.300000190734863,3.5890626907348633,2.091285228729248,10.90000057220459
94,5.5,1.3812501430511475,1.865800380706787,10.90000057220459
95,6.200000286102295,1.615625023841858,2.3061208724975586,10.90000057220459
96,7.300000190734863,2.714062452316284,2.0654802322387695,10.90000057220459
97,10.40000057220459,3.5250000953674316,2.966163396835327,10.90000057220459
98,8.40000057220459,2.926562547683716,1.9096992015838623,10.90000057220459
99,9.40000057220459,5.231249809265137,1.950871229171753,10.90000057220459
100,6.5,2.0734376907348633,2.0575501918792725,10.90000057220459
101,8.90000057220459,4.110937595367432,2.0337862968444824,10.90000057220459
102,7.700000286102295,3.3671875,2.06201171875,10.90000057220459
103,9.800000190734863,4.96875,2.0888750553131104,10.90000057220459
104,8.100000381469727,2.5328125953674316,2.4802379608154297,10.90000057220459
105,8.40000057220459,4.376562595367432,1.9281420707702637,10.90000057220459
106,7.800000190734863,2.356250047683716,2.288618326187134,10.90000057220459
107,10.300000190734863,4.837500095367432,2.554316282272339,10.90000057220459
108,8.90000057220459,3.8500001430511475,2.393285036087036,10.90000057220459
109,10.699999809265137,4.123437881469727,2.5198426246643066,10.90000057220459
110,8.199999809265137,4.278124809265137,2.495149612426758,10.90000057220459
111,9.0,3.2093751430511475,2.3411214351654053,10.90000057220459
112,8.699999809265137,3.403125286102295,2.162461757659912,10.90000057220459
113,13.100000381469727,5.332812309265137,2.5061209201812744,13.100000381469727
114,10.199999809265137,6.317187309265137,2.317767858505249,13.100000381469727
115,9.90000057220459,4.8671875,2.2708792686462402,13.100000381469727
116,8.40000057220459,3.7796878814697266,2.062854528427124,13.100000381469727
117,11.699999809265137,6.706250190734863,2.226184606552124,13.100000381469727
118,11.5,5.34531307220459,2.315769910812378,13.100000381469727
119,10.0,3.995312452316284,2.4095144271850586,13.100000381469727
120,7.599999904632568,2.6999998092651367,2.0675318241119385,13.100000381469727
121,13.40000057220459,5.639062404632568,3.2078816890716553,13.40000057220459
122,11.600000381469727,7.026562213897705,2.2192511558532715,13.40000057220459
123,9.5,5.412500381469727,2.1237130165100098,13.40000057220459
124,11.40000057220459,6.19687557220459,2.2368342876434326,13.40000057220459
125,11.699999809265137,6.760937690734863,2.6463191509246826,13.40000057220459
126,11.90000057220459,7.021875381469727,2.7326996326446533,13.40000057220459
127,12.5,6.926562309265137,2.595985174179077,13.40000057220459
128,10.699999809265137,6.473437786102295,2.484844207763672,13.40000057220459
129,11.0,5.659375190734863,2.5982396602630615,13.40000057220459
130,10.0,5.284375190734863,2.4498865604400635,13.40000057220459
131,13.90000057220459,6.03125,2.699298143386841,13.90000057220459
132,8.40000057220459,3.7296876907348633,2.4359724521636963,13.90000057220459
133,14.600000381469727,8.95156192779541,2.48199725151062,14.600000381469727
134,13.300000190734863,6.928124904632568,2.6464285850524902,14.600000381469727
135,9.600000381469727,4.014062404632568,2.926488161087036,14.600000381469727
136,13.100000381469727,8.592187881469727,2.55265212059021,14.600000381469727
137,8.90000057220459,4.420312881469727,2.420755386352539,14.600000381469727
138,11.0,6.184375286102295,2.475076913833618,14.600000381469727
139,12.0,6.075000286102295,2.749488592147827,14.600000381469727
140,10.699999809265137,5.528124809265137,2.2001752853393555,14.600000381469727
141,11.0,5.321875095367432,3.0322983264923096,14.600000381469727
142,14.0,7.614062309265137,2.707908868789673,14.600000381469727
143,9.699999809265137,4.050000190734863,2.6733639240264893,14.600000381469727
144,13.0,7.360937595367432,2.896636724472046,14.600000381469727
145,11.600000381469727,5.514062881469727,2.7693562507629395,14.600000381469727
146,12.100000381469727,6.1875,3.1184682846069336,14.600000381469727
147,12.300000190734863,6.776562690734863,2.5539638996124268,14.600000381469727
148,10.800000190734863,4.528124809265137,2.5640220642089844,14.600000381469727
149,12.699999809265137,6.831250190734863,3.1843795776367188,14.600000381469727
150,12.699999809265137,6.095312595367432,2.8811581134796143,14.600000381469727
151,14.699999809265137,8.87656307220459,2.541022300720215,14.699999809265137
152,7.5,3.3140625953674316,2.0886499881744385,14.699999809265137
153,11.0,4.8671875,2.4149959087371826,14.699999809265137
154,12.0,5.934375286102295,2.750523805618286,14.699999809265137
155,13.300000190734863,8.328125,2.9457314014434814,14.699999809265137
156,12.300000190734863,6.420312881469727,2.8347275257110596,14.699999809265137
157,11.300000190734863,6.1796875,3.4549412727355957,14.699999809265137
158,12.100000381469727,6.5703125,3.16048264503479,14.699999809265137
159,15.100000381469727,8.895313262939453,3.1794471740722656,15.100000381469727
160,11.40000057220459,5.49375057220459,3.058690309524536,15.100000381469727
161,13.90000057220459,6.631250381469727,2.9171838760375977,15.100000381469727
162,11.40000057220459,5.5234375,2.758155107498169,15.100000381469727
163,12.90000057220459,6.6484375,2.9962472915649414,15.100000381469727
164,11.5,6.017187595367432,2.343045234680176,15.100000381469727
165,13.600000381469727,8.521875381469727,2.653916358947754,15.100000381469727
166,11.300000190734863,5.100000381469727,2.5827553272247314,15.100000381469727
167,15.5,9.639062881469727,3.5999834537506104,15.5
168,12.300000190734863,6.831250190734863,2.832174301147461,15.5
169,12.5,6.862500190734863,2.885930299758911,15.5
170,14.90000057220459,8.370311737060547,3.586331605911255,15.5
171,13.5,8.917187690734863,3.271876096725464,15.5
172,13.800000190734863,8.506250381469727,3.3698513507843018,15.5
173,12.800000190734863,8.46875,2.8338840007781982,15.5
174,12.90000057220459,6.8125,2.6871511936187744,15.5
175,13.40000057220459,7.506250381469727,2.9514760971069336,15.5
176,12.800000190734863,7.723437309265137,2.4296181201934814,15.5
177,13.100000381469727,7.310937881469727,2.7502338886260986,15.5
178,13.300000190734863,6.079687595367432,2.8427088260650635,15.5
179,13.300000190734863,7.120312690734863,3.355041980743408,15.5
180,14.40000057220459,8.495312690734863,3.0744121074676514,15.5
181,14.300000190734863,9.845312118530273,2.91434645652771,15.5
182,14.0,9.396875381469727,2.782757520675659,15.5
183,12.40000057220459,6.8203125,3.161990165710449,15.5
184,13.600000381469727,8.799999237060547,2.879887342453003,15.5
185,12.300000190734863,5.876562595367432,2.7966911792755127,15.5
186,13.199999809265137,7.393750190734863,2.5363528728485107,15.5
187,13.0,6.506250381469727,3.436107873916626,15.5
188,12.5,5.864062786102295,2.7525198459625244,15.5
189,13.699999809265137,8.881250381469727,3.02483868598938,15.5
190,14.40000057220459,8.971875190734863,3.3172593116760254,15.5
191,15.300000190734863,9.424999237060547,2.8877975940704346,15.5
192,10.699999809265137,5.21875,2.6901369094848633,15.5
193,15.40000057220459,9.676562309265137,3.4070122241973877,15.5
194,16.899999618530273,10.165624618530273,3.293991804122925,16.899999618530273
195,15.90000057220459,8.995312690734863,3.312685489654541,16.899999618530273
196,15.600000381469727,10.026562690734863,3.505676031112671,16.899999618530273
197,16.0,8.439062118530273,3.8462488651275635,16.899999618530273
198,17.200000762939453,10.653125762939453,3.818211793899536,17.200000762939453
199,14.90000057220459,9.362500190734863,3.4639439582824707,17.200000762939453
200,15.5,9.235937118530273,3.382046699523926,17.200000762939453
201,17.200000762939453,8.551563262939453,3.7997939586639404,17.200000762939453
202,15.5,8.24375057220459,3.5477490425109863,17.200000762939453
203,13.600000381469727,7.671875,3.500422716140747,17.200000762939453
204,20.0,12.381250381469727,4.006591320037842,20.0
205,18.100000381469727,11.796875953674316,3.6128664016723633,20.0
206,15.90000057220459,10.300000190734863,3.0147037506103516,20.0
207,16.100000381469727,10.185937881469727,3.4336962699890137,20.0
208,16.200000762939453,10.143749237060547,3.6210269927978516,20.0
209,15.40000057220459,9.675000190734863,3.275763511657715,20.0
210,15.300000190734863,8.545312881469727,3.0057201385498047,20.0
211,18.30000114440918,11.240625381469727,4.036734580993652,20.0
212,14.100000381469727,8.770313262939453,2.9561736583709717,20.0
213,15.5,10.071874618530273,3.3659818172454834,20.0
214,16.899999618530273,10.035938262939453,4.304879665374756,20.0
215,15.300000190734863,9.615625381469727,3.425602912902832,20.0
216,17.30000114440918,10.010937690734863,4.2141547203063965,20.0
217,15.100000381469727,9.717187881469727,3.4491193294525146,20.0
218,16.600000381469727,10.015625,3.531829357147217,20.0
219,18.200000762939453,11.473438262939453,3.395918607711792,20.0
220,18.5,11.714062690734863,3.997103214263916,20.0
221,17.5,10.229687690734863,3.3123669624328613,20.0
222,16.5,9.21406364440918,3.7344205379486084,20.0
223,16.399999618530273,8.779687881469727,4.005511283874512,20.0
224,15.90000057220459,8.926563262939453,3.9215445518493652,20.0
225,20.200000762939453,13.396875381469727,3.7711057662963867,20.200000762939453
226,18.100000381469727,13.076562881469727,3.5666310787200928,20.200000762939453
227,20.0,13.300000190734863,3.661454677581787,20.200000762939453
228,16.600000381469727,11.051563262939453,3.5377869606018066,20.200000762939453
229,18.100000381469727,12.376562118530273,3.231473445892334,20.200000762939453
230,17.100000381469727,11.440625190734863,3.2902657985687256,20.200000762939453
231,18.0,11.899999618530273,3.440248966217041,20.200000762939453
232,18.0,10.612499237060547,4.482587814331055,20.200000762939453
233,16.5,11.214062690734863,3.149646043777466,20.200000762939453
234,18.30000114440918,11.390625,3.805001735687256,20.200000762939453
235,16.5,10.370312690734863,3.6925888061523438,20.200000762939453
236,18.0,12.034375190734863,3.4740655422210693,20.200000762939453
237,14.40000057220459,9.09375,3.1046273708343506,20.200000762939453
238,17.30000114440918,11.754687309265137,3.227902412414551,20.200000762939453
239,17.600000381469727,11.467187881469727,3.3027002811431885,20.200000762939453
240,15.199999809265137,10.082812309265137,3.1261274814605713,20.200000762939453
241,15.100000381469727,9.82187557220459,3.1283717155456543,20.200000762939453
242,16.899999618530273,10.135937690734863,3.6997199058532715,20.200000762939453
243,19.30000114440918,12.193750381469727,3.3487813472747803,20.200000762939453
244,17.899999618530273,11.223438262939453,3.436829090118408,20.200000762939453
245,15.90000057220459,10.073437690734863,3.3171072006225586,20.200000762939453
246,17.30000114440918,11.734375,3.6183221340179443,20.200000762939453
247,17.30000114440918,10.878125190734863,3.5829224586486816,20.200000762939453
248,18.700000762939453,11.40156364440918,3.6094274520874023,20.200000762939453
249,18.899999618530273,12.303125381469727,3.774667501449585,20.200000762939453
250,17.80000114440918,12.064062118530273,3.642731189727783,20.200000762939453
251,16.700000762939453,10.982812881469727,2.9942944049835205,20.200000762939453
252,18.100000381469727,11.23750114440918,3.752311944961548,20.200000762939453
253,19.899999618530273,13.799999237060547,3.4265964031219482,20.200000762939453
254,19.0,12.909375190734863,3.315716505050659,20.200000762939453
255,16.200000762939453,10.087499618530273,3.198852300643921,20.200000762939453
256,14.600000381469727,9.32343864440918,2.9196395874023438,20.200000762939453
257,13.100000381469727,8.0703125,3.297616481781006,20.200000762939453
258,16.600000381469727,10.612500190734863,3.8700170516967773,20.200000762939453
259,16.899999618530273,10.924999237060547,3.336212396621704,20.200000762939453
260,16.399999618530273,9.748437881469727,4.035274028778076,20.200000762939453
261,18.600000381469727,12.092187881469727,3.7202277183532715,20.200000762939453
262,14.0,8.76249885559082,3.022597312927246,20.200000762939453
263,22.100000381469727,12.3359375,3.5846619606018066,22.100000381469727
264,21.0,13.21875,4.328173637390137,22.100000381469727
265,17.200000762939453,11.362500190734863,3.977849006652832,22.100000381469727
266,19.80000114440918,13.254688262939453,3.437201499938965,22.100000381469727
267,17.600000381469727,10.981250762939453,3.568739175796509,22.100000381469727
268,19.5,12.162500381469727,3.058007001876831,22.100000381469727
269,18.100000381469727,10.543749809265137,3.426180362701416,22.100000381469727
270,16.399999618530273,10.576562881469727,3.286893606185913,22.100000381469727
271,20.0,12.917187690734863,3.9142589569091797,22.100000381469727
272,16.600000381469727,10.156250953674316,3.9834766387939453,22.100000381469727
273,17.899999618530273,12.16718864440918,3.566732406616211,22.100000381469727
274,18.100000381469727,12.40781307220459,3.2593281269073486,22.100000381469727
275,20.100000381469727,12.6015625,5.158533096313477,22.100000381469727
276,17.80000114440918,11.589062690734863,3.6234097480773926,22.100000381469727
277,19.700000762939453,13.428125381469727,3.033792495727539,22.100000381469727
278,17.899999618530273,11.151562690734863,3.50022292137146,22.100000381469727
279,17.899999618530273,12.35312557220459,3.515277862548828,22.100000381469727
280,20.5,12.770313262939453,4.120667457580566,22.100000381469727
281,17.700000762939453,11.771875381469727,3.2711079120635986,22.100000381469727
282,19.700000762939453,12.637499809265137,3.9878528118133545,22.100000381469727
283,19.700000762939453,11.78125,3.3609371185302734,22.100000381469727
284,17.30000114440918,12.059374809265137,3.088118314743042,22.100000381469727
285,17.5,12.450000762939453,3.28186297416687,22.100000381469727
286,19.899999618530273,13.126562118530273,3.9946935176849365,22.100000381469727
287,18.200000762939453,12.128125190734863,3.597458600997925,22.100000381469727
288,21.600000381469727,15.645313262939453,3.687730073928833,22.100000381469727
289,17.399999618530273,10.984375,3.639119863510132,22.100000381469727
290,16.80000114440918,10.500000953674316,3.1307947635650635,22.100000381469727
291,17.5,13.0078125,2.837489366531372,22.100000381469727
292,18.5,13.21875,3.1441848278045654,22.100000381469727
293,18.100000381469727,11.921875,3.2963271141052246,22.100000381469727
294,19.399999618530273,12.432811737060547,3.9649658203125,22.100000381469727
295,19.0,13.3359375,3.465831756591797,22.100000381469727
296,19.0,13.465624809265137,3.4169259071350098,22.100000381469727
297,20.80000114440918,14.08750057220459,3.5170345306396484,22.100000381469727
298,16.5,11.71875,2.6449761390686035,22.100000381469727
299,17.600000381469727,12.551563262939453,3.0417919158935547,22.100000381469727
300,21.0,13.817188262939453,3.9744322299957275,22.100000381469727
